{"cameraMode":{"drawMode":0,"name":"Shaded","section":"Shading Mode"},"sceneLighting":true,"audioPlay":false,"sceneViewState":{"showFog":true,"showMaterialUpdate":false,"showSkybox":true,"showFlares":true,"showImageEffects":true,"showParticleSystems":true},"in2DMode":false,"pivot":{"x":0.09295137226581574,"y":0.025626003742218019,"z":2.7042124271392824},"rotation":{"x":-0.059363819658756259,"y":-0.005085154436528683,"z":0.0003015862894244492,"w":-0.9982389807701111},"size":1.4590898752212525,"orthographic":false}