{"cameraMode":{"drawMode":0,"name":"Shaded","section":"Shading Mode"},"sceneLighting":true,"audioPlay":false,"sceneViewState":{"showFog":true,"showMaterialUpdate":false,"showSkybox":true,"showFlares":true,"showImageEffects":true,"showParticleSystems":true},"in2DMode":false,"pivot":{"x":-0.9938549399375916,"y":-0.2617805600166321,"z":-0.004311084747314453},"rotation":{"x":0.19194909930229188,"y":-0.3597562909126282,"z":0.07589194178581238,"w":0.9099469780921936},"size":0.6159175634384155,"orthographic":false}