{"cameraMode":{"drawMode":0,"name":"Shaded","section":"Shading Mode"},"sceneLighting":true,"audioPlay":false,"sceneViewState":{"showFog":true,"showMaterialUpdate":false,"showSkybox":true,"showFlares":true,"showImageEffects":true,"showParticleSystems":true},"in2DMode":false,"pivot":{"x":0.4799261689186096,"y":0.3216065466403961,"z":-0.2406477928161621},"rotation":{"x":0.13757078349590302,"y":-0.22954390943050385,"z":0.03279051557183266,"w":0.9629829525947571},"size":0.6159175634384155,"orthographic":false}