{"cameraMode":{"drawMode":0,"name":"Shaded","section":"Shading Mode"},"sceneLighting":true,"audioPlay":false,"sceneViewState":{"showFog":true,"showMaterialUpdate":false,"showSkybox":true,"showFlares":true,"showImageEffects":true,"showParticleSystems":true},"in2DMode":false,"pivot":{"x":0.28950992226600649,"y":0.4402945637702942,"z":-1.1863316297531129},"rotation":{"x":0.1701468825340271,"y":-0.015666112303733827,"z":0.0027047544717788698,"w":0.9852959513664246},"size":0.23906123638153077,"orthographic":false}